"Modnames","K","AICc","Delta_AICc","ModelLik","AICcWt","LL","Cum.Wt"
"mates.rep.plum.cov",3,29.953713076415,0,1,0.781606945343216,-9.9768565382075,0.781606945343216
"mates.rep.prop50m.cov",4,35.5306248151295,5.57691173871453,0.0615161295557356,0.048081434111396,-9.76531240756477,0.829688379454611
"mates.rep.prop100m.cov",4,35.6295804073749,5.67586733095993,0.0585465177520491,0.0457603649006614,-9.81479020368747,0.875448744355273
"mates.rep.kde50.cov",4,35.6320309740356,5.67831789762057,0.0584748256103617,0.045704329824792,-9.81601548701779,0.921153074180065
"mates.rep.kde90.cov",4,35.9208414102935,5.96712833387853,0.0506121219606858,0.0395587860430299,-9.96042070514677,0.960711860223095
"mates.rep.estmax.cov",4,35.9345716769475,5.9808586005325,0.0502658529469095,0.0392881397769052,-9.96728583847375,1
