"Modnames","K","AICc","Delta_AICc","ModelLik","AICcWt","LL","Cum.Wt"
"numEP.null",2,40.4331988814379,0,1,0.373246594027528,-17.3594565835761,0.373246594027528
"numEP.prop50m",3,41.5326394657412,1.09944058430324,0.577111210341938,0.215404793635233,-15.7663197328706,0.588651387662761
"numEP.estmax",3,42.5876915686145,2.15449268717655,0.340531943736657,0.127102388157281,-16.2938457843072,0.715753775820042
"numEP.prop100m",3,42.9489548131278,2.5157559316899,0.284256589135355,0.106097803724654,-16.4744774065639,0.821851579544695
"numEP.kde90",3,43.0232840883251,2.59008520688715,0.273886195587804,0.102227089654305,-16.5116420441625,0.924078669199001
"numEP.kde50",3,43.6182821375603,3.18508325612234,0.203407966786161,0.0759213308009993,-16.8091410687801,1
